objectid,title,display_template,format,date,description,location,subject,latitude,longitude,object_location,image_small,image_thumb,image_alt_text
peter_brown_mayflower,Peter Brown arrives on the Mayflower,record,,1620,Mayflower carpenter and a signer of the Compact; my direct ancestor.,"Plymouth, Massachusetts",Mayflower;Colonial era;Literacy,41.9580,-70.6620,,,,
peter_brown_bible,Peter Brown's estate inventory lists a single Bible,record,,1633,His whole formal educational inheritance to his orphaned daughters.,"Plymouth, Massachusetts",Colonial era;Literacy,41.9580,-70.6620,,,,
mary_ephraim_marriage,Mary Brown marries Ephraim Tinkham,record,,1646,The marriage by which the family takes the Tinkham name.,"Plymouth, Massachusetts",Colonial era,41.9580,-70.6620,,,,
eliot_indian_bible,The Eliot Indian Bible is printed,record,,1663,Scripture translated into Wampanoag as an instrument of conversion and schooling.,"Cambridge, Massachusetts",Wampanoag;Literacy,42.3736,-71.1097,,,,
brenton_purchase,William Brenton 'purchases' Mattapoisett from Metacomet,record,,1664,The harbor 'bought' from the Wampanoag sachem (King Philip).,"Mattapoisett, Massachusetts",Wampanoag;Land,41.6584,-70.8203,,,,
king_philips_war,King Philip's War; Middleborough disrupted,record,,1675,"The Tinkham sons were early proprietors of Middleborough, which had no settled grammar school in their youth.","Middleborough, Massachusetts",Colonial era;Wampanoag,41.8934,-70.9112,,,,
rochester_incorporated,Rochester incorporated on the land called Sippican,record,,1679,The town founded on Wampanoag ground; later split into Marion and Mattapoisett.,"Rochester, Massachusetts",Colonial era;Wampanoag,41.7259,-70.8200,,,,
ma_district_law,Massachusetts district-school law,record,,1789,"Towns divided into districts, each run by an elected prudential committee-man.","Rochester, Massachusetts",District schools,41.7259,-70.8200,,,,
rochester_district_system,Rochester adopts the district system (16 districts),record,,1799,Grew to twenty-one districts by the 1820s.,"Rochester, Massachusetts",District schools,41.7259,-70.8200,,,,
rochester_academy,Rochester Academy built,record,,1838,Greek Revival academy at the town center; still standing.,"Rochester, Massachusetts",Academies,41.7259,-70.8200,,,,
mattapoisett_academy,Mattapoisett Academy opens (later the Barstow School),image,image/jpeg,1856,Private academy in the old 1816 Congregational meeting-house; became the Barstow School after 1870.,"Mattapoisett, Massachusetts",Academies,41.6601,-70.8190,/objects/mattapoisett_academy.jpg,/objects/mattapoisett_academy.jpg,/objects/mattapoisett_academy.jpg,"The Mattapoisett Academy (later the Barstow School), an 1816 meeting-house with a cupola, framed by bare trees."
mattapoisett_incorporated,"Mattapoisett incorporated, separating from Rochester",record,,1857,Tinkhamtown becomes part of the new town of Mattapoisett.,"Mattapoisett, Massachusetts",Local history,41.6584,-70.8203,,,,
tinkhamtown_schoolhouse,Thomas Tinkham sells the town a parcel for a district schoolhouse,record,,1871,At the elbow of Long Plain Road and Tinkham Lane; the land returned to the family after 1899.,"Mattapoisett, Massachusetts",District schools,41.6840,-70.8100,,,,
tinkhamtown_chapel,Tinkhamtown Chapel built,image,image/jpeg,1889,"Conveyed 'only to be used for the worship of Almighty God,' on the site of a meeting house burned in 1850. (Group photograph ca.1890, courtesy of the Mattapoisett Museum.)","Mattapoisett, Massachusetts",Local history,41.6840,-70.8100,/objects/tinkhamtown_chapel_group.jpg,/objects/tinkhamtown_chapel_group.jpg,/objects/tinkhamtown_chapel_group.jpg,"A group of people, including several Tinkhams, in front of the Tinkhamtown Chapel, about 1890."
new_bedford_three,'Three New Bedfords': the mills sort children by class,record,,1896,"Mill schools, manual training, and the class divide a resident named that year.","New Bedford, Massachusetts",Mills,41.6362,-70.9342,,,,
center_school,Center School opens (gift of Henry H. Rogers),image,image/jpeg,1899,The 1899 building that anchored four generations of the family.,"Mattapoisett, Massachusetts",Consolidation,41.6584,-70.8203,/objects/center_school_news_1899.jpg,/objects/center_school_news_1899.jpg,/objects/center_school_news_1899.jpg,"1899 newspaper engraving of the new Center School building, with its clock tower."
tinkhamtown_map_1903,"Detail of Tinkhamtown, 1903 atlas of Mattapoisett",image,image/jpeg,1903,"A 1903 map showing the school, chapel, sawmills, and Tinkham homes along Tinkham Lane.","Mattapoisett, Massachusetts",Local history;District schools,41.6840,-70.8100,/objects/tinkhamtown_map_1903.jpg,/objects/tinkhamtown_map_1903.jpg,/objects/tinkhamtown_map_1903.jpg,"Detail of a 1903 atlas showing the Tinkhamtown section of Mattapoisett, with a school, a chapel, sawmills, and several Tinkham family homes labeled along Tinkham Lane."
ruthie_mills,Great-aunt Ruthie leaves school to work in the mills,record,,1930,"(approx., from the 1930 census) She left school so her brother Louis could stay; I carry her middle name.","New Bedford, Massachusetts",Mills,41.6362,-70.9342,,,,
oman_price_nbhs,Oman Price graduates New Bedford High School,record,,1935,My paternal grandfather; later took extension courses at the Voke.,"New Bedford, Massachusetts",Higher education,41.6362,-70.9342,,,,
marion_fairhaven,Marion graduates Fairhaven High School,record,,1938,"Walked roughly three miles to the herring weir to catch the bus, then on to Kinyon-Campbell secretarial school.","Fairhaven, Massachusetts",Consolidation,41.6376,-70.9039,,,,
louis_voke_wwii,Louis enlists for WWII after New Bedford Vocational,record,,1942,(approx.) Lied about his age to enlist in the Army.,"New Bedford, Massachusetts",Vocational;Mills,41.6362,-70.9342,,,,
louis_gi_bill,Louis earns a GI-Bill degree at the New Bedford Textile Institute,record,,1948,(approx.) Later taught engineering at the institution that became SMU / UMass Dartmouth.,"New Bedford, Massachusetts",Higher education;Vocational,41.6362,-70.9342,,,,
orr_opens,Old Rochester Regional High School opens,record,,1961,The shared tri-town high school; aunt Linda was in its first graduating class.,"Mattapoisett, Massachusetts",Consolidation,41.6612,-70.7950,,,,
cyert_center,Cyert Center for Early Education founded by women faculty,record,,1971,Begun with twelve children in a CMU dorm basement; my daughter Dorothea attends.,"Pittsburgh, Pennsylvania",Higher education;Childhood,40.4433,-79.9436,,,,
bent_twig,Bent Twig alternative school opens in the Center School basement,record,,1974,Where my uncle Mark learned pennywhistle and carpentry (and the cherry-bomb story).,"Mattapoisett, Massachusetts",Consolidation,41.6584,-70.8203,,,,
mother_mlis,My mother earns an MLIS at Drexel,record,,1980,(approx.) She became a public librarian; I earned the same degree about thirty years later.,"Philadelphia, Pennsylvania",Librarianship;Higher education,39.9566,-75.1899,,,,
wopanaak,Wopanaak Language Reclamation Project founded,record,,1993,Mashpee linguist Jessie Little Doe Baird begins reclaiming a language six generations without a speaker.,"Mashpee, Massachusetts",Wampanoag;Literacy,41.6487,-70.4828,,,,
charlotte_mlis,I earn an MLIS at Drexel,record,,2010,"The same degree, from the same school, as my mother.","Philadelphia, Pennsylvania",Librarianship;Higher education,39.9566,-75.1899,,,,
father_northeastern,My father earns a bachelor's at Northeastern at fifty,record,,2010,"(approx.) Summa cum laude, graduating the same year I finished my degree.","Boston, Massachusetts",Higher education,42.3398,-71.0892,,,,
charlotte_tc,"I begin a doctorate at Teachers College, Columbia",record,,2019,In education; still in progress.,"New York, New York",Higher education,40.8094,-73.9610,,,,
charlotte_cmu,I become a faculty librarian at Carnegie Mellon,record,,2022,"Teaching research and information literacy, like my grandfather and great-uncle taught.","Pittsburgh, Pennsylvania",Librarianship;Higher education,40.4433,-79.9436,,,,
west_district_schoolhouse,"West District (""Olive Branch"") Schoolhouse",image,image/jpeg,,"The West District Schoolhouse on Church Street, Mattapoisett, once called the Olive Branch Schoolhouse. Plate from Stiles, Mattapoisett and Old Rochester (1907).","Mattapoisett, Massachusetts",District schools,41.6590,-70.8230,/objects/west_district_schoolhouse.jpg,/objects/west_district_schoolhouse.jpg,/objects/west_district_schoolhouse.jpg,A clapboard one-room schoolhouse behind a large tree.
louis_reading_with_daughter,Louis Reading with His Daughter,image,image/jpeg,,My grandfather Louis reading with my mother as a small child.,,Literacy,,,/objects/louis_reading_with_daughter.jpg,/objects/louis_reading_with_daughter.jpg,/objects/louis_reading_with_daughter.jpg,"A young man in a chair reading a magazine with a small girl on his lap, beside a vintage radio."
minnie_earl_tinkham,Minnie and Earl Tinkham,image,image/jpeg,1918,Minnie and Earl Tinkham in front of the house my parents live in today; Earl in his World War I uniform. (Date approximate.),"Mattapoisett, Massachusetts",Family,,,/objects/minnie_earl_tinkham.jpg,/objects/minnie_earl_tinkham.jpg,/objects/minnie_earl_tinkham.jpg,A young man in uniform and a woman in a white dress standing in front of a clapboard house.
tinkhamtown_schoolhouse_photo,Tinkhamtown Schoolhouse,image,image/jpeg,,Photograph of the one-room Tinkhamtown schoolhouse. Courtesy of the Mattapoisett Museum (0900.9.4).,"Mattapoisett, Massachusetts",District schools,41.6840,-70.8100,https://d8e7jbdw4fu0e.cloudfront.net/6742/de2fd6d0-07cd-11ec-8463-151a599f2d68-vdW6tg2.lg-nt@2x.jpg,https://d8e7jbdw4fu0e.cloudfront.net/6742/de2fd6d0-07cd-11ec-8463-151a599f2d68-vdW6tg2.sm@2x.jpg,https://d3f1jyudfg58oi.cloudfront.net/6742/image/de2fd6d0-07cd-11ec-8463-151a599f2d68-tHnBJPh.tn@2x.JPG,One-room wooden schoolhouse with a small outhouse beside it.
tinkhamtown_teacher_certificate_1894,"Teaching Certificate, Tinkhamtown School",image,image/jpeg,1894,Certificate appointing Ethel W. Westgate teacher of the Tinkhamtown School for three months at $22 a month. Courtesy of the Mattapoisett Museum (0500.3.495).,"Mattapoisett, Massachusetts",District schools,41.6840,-70.8100,https://d8e7jbdw4fu0e.cloudfront.net/6742/f446d660-07de-11ec-8463-151a599f2d68-vdW7jAu.lg-nt@2x.jpg,https://d8e7jbdw4fu0e.cloudfront.net/6742/f446d660-07de-11ec-8463-151a599f2d68-vdW7jAu.sm@2x.jpg,https://d3f1jyudfg58oi.cloudfront.net/6742/image/f446d660-07de-11ec-8463-151a599f2d68-tHn6vDl.tn@2x.JPG,Ornate 1894 printed certificate appointing the teacher of the Tinkhamtown School.
teeweelema_news_1913,"""Indian Princesses, Massasoit's Kin"" article",image,image/jpeg,1913,"1913 newspaper article on Teeweelema and her family's effort to keep their land at Lake Assawompset, framed in the period's romanticizing idiom. Courtesy of the Mattapoisett Museum (0500.2.58).","Lakeville, Massachusetts",Wampanoag;Land,41.8380,-70.9300,https://d8e7jbdw4fu0e.cloudfront.net/6742/787b9400-07e6-11ec-8463-151a599f2d68-vdW7lEC.lg-nt@2x.jpg,https://d8e7jbdw4fu0e.cloudfront.net/6742/787b9400-07e6-11ec-8463-151a599f2d68-vdW7lEC.sm@2x.jpg,https://d3f1jyudfg58oi.cloudfront.net/6742/image/787b9400-07e6-11ec-8463-151a599f2d68-tHnj3Fn.tn@2x.JPG,"1913 newspaper page headlined ""Indian Princesses, Massasoit's Kin, Live at Lake Assawompset."""
mortar_pestle_massy,"Samp Mortar and Pestle (""Aunt Massy"")",image,image/jpeg,,"Wampanoag samp mortar and pestle associated with ""Aunt Massy,"" a Native woman who lived and died at Capt. Nathaniel Hammond's house in the early 1800s. Courtesy of the Mattapoisett Museum (1959.36.1).","Mattapoisett, Massachusetts",Wampanoag;Foodways,41.6620,-70.8450,https://d8e7jbdw4fu0e.cloudfront.net/6742/58b2eb50-07d2-11ec-8463-151a599f2d68-vdW7rG2.lg-nt@2x.jpg,https://d8e7jbdw4fu0e.cloudfront.net/6742/58b2eb50-07d2-11ec-8463-151a599f2d68-vdW7rG2.sm@2x.jpg,https://d3f1jyudfg58oi.cloudfront.net/6742/image/58b2eb50-07d2-11ec-8463-151a599f2d68-tHnJO7O.tn@2x.JPG,A large carved wooden samp mortar and pestle.
hammondtown_school_1869,Hammondtown School,image,image/jpeg,1869,"Print of the Hammondtown school at River and Acushnet Roads, after a c.1869 painting by Clelia Lega Weeks; believed the oldest schoolhouse in town. Courtesy of the Mattapoisett Museum (0900.9.17).","Mattapoisett, Massachusetts",District schools,41.6650,-70.8550,https://d8e7jbdw4fu0e.cloudfront.net/6742/605e6a60-07b8-11ec-8463-151a599f2d68-vdW79jg.lg-nt@2x.jpg,https://d8e7jbdw4fu0e.cloudfront.net/6742/605e6a60-07b8-11ec-8463-151a599f2d68-vdW79jg.sm@2x.jpg,https://d3f1jyudfg58oi.cloudfront.net/6742/image/605e6a60-07b8-11ec-8463-151a599f2d68-tHmY0h6.tn@2x.JPG,"A small gable-roofed schoolhouse beside a dirt road, from a 19th-century painting."
center_school_classroom,Center School Classroom,image,image/jpeg,,Schoolchildren at their desks; the named roster mixes Yankee and Portuguese/Azorean families. Likely the Center School; the Museum record does not name the building. Courtesy of the Mattapoisett Museum (0900.9.90).,"Mattapoisett, Massachusetts",Consolidation,41.6584,-70.8203,https://d8e7jbdw4fu0e.cloudfront.net/6742/0e1420d0-07e8-11ec-84ff-e564088d1053-vdW7m8I.lg-nt@2x.jpg,https://d8e7jbdw4fu0e.cloudfront.net/6742/0e1420d0-07e8-11ec-84ff-e564088d1053-vdW7m8I.sm@2x.jpg,https://d3f1jyudfg58oi.cloudfront.net/6742/image/0e1420d0-07e8-11ec-84ff-e564088d1053-tHnmZva.tn@2x.jpg,About two dozen schoolchildren seated at wooden desks in a classroom.
center_school_desk,Center School Desk,image,image/jpeg,1898,"Oak two-student desk from the Mattapoisett Center School, possibly from the 1898-99 construction. Courtesy of the Mattapoisett Museum (2021.1.1).","Mattapoisett, Massachusetts",Consolidation,41.6584,-70.8203,https://d8e7jbdw4fu0e.cloudfront.net/6742/b238b5a0-07ec-11ec-84ff-e564088d1053-vdW7qAv.lg-nt@2x.jpg,https://d8e7jbdw4fu0e.cloudfront.net/6742/b238b5a0-07ec-11ec-84ff-e564088d1053-vdW7qAv.sm@2x.jpg,https://d3f1jyudfg58oi.cloudfront.net/6742/image/b238b5a0-07ec-11ec-84ff-e564088d1053-tHnuidh.tn@2x.jpg,An oak two-student school desk.
barstow_classroom,Barstow School Classroom,image,image/jpeg,,"Interior of a classroom in the Barstow School (the 1816 meeting-house that became Mattapoisett Academy, then the Barstow School in 1870). Courtesy of the Mattapoisett Museum (0900.9.29).","Mattapoisett, Massachusetts",Academies,41.6595,-70.8185,https://d8e7jbdw4fu0e.cloudfront.net/6742/2d9c8bd0-07b2-11ec-8463-151a599f2d68-vdW789V.lg-nt@2x.jpg,https://d8e7jbdw4fu0e.cloudfront.net/6742/2d9c8bd0-07b2-11ec-8463-151a599f2d68-vdW789V.sm@2x.jpg,https://d3f1jyudfg58oi.cloudfront.net/6742/image/2d9c8bd0-07b2-11ec-8463-151a599f2d68-tHmNPqg.tn@2x.JPG,Students in a 19th-century classroom interior.
barstow_school_journal,Barstow High School Weekly Journal,image,image/jpeg,1885,"Handwritten student newspaper of the Barstow High School, edited by Lemuel LeBaron Dexter, with subscriber lists, 1885-1886. Courtesy of the Mattapoisett Museum (0500.2.131).","Mattapoisett, Massachusetts",Academies;Student media,41.6595,-70.8185,https://d8e7jbdw4fu0e.cloudfront.net/6742/5c3f0f60-07be-11ec-8463-151a599f2d68-vdW6pe6.lg-nt@2x.jpg,https://d8e7jbdw4fu0e.cloudfront.net/6742/5c3f0f60-07be-11ec-8463-151a599f2d68-vdW6pe6.sm@2x.jpg,https://d3f1jyudfg58oi.cloudfront.net/6742/image/5c3f0f60-07be-11ec-8463-151a599f2d68-tHm9LWW.tn@2x.JPG,A page of a handwritten student newspaper.
barstow_report_cards,Barstow School Report Cards,image,image/jpeg,1884,"Report cards and entrance-exam marks for Lemuel LeBaron Dexter entering the Barstow School, 1884-1887. Courtesy of the Mattapoisett Museum (0500.2.130).","Mattapoisett, Massachusetts",Academies,41.6595,-70.8185,https://d8e7jbdw4fu0e.cloudfront.net/6742/5c23d550-07b5-11ec-8463-151a599f2d68-vdW79AR.lg-nt@2x.jpg,https://d8e7jbdw4fu0e.cloudfront.net/6742/5c23d550-07b5-11ec-8463-151a599f2d68-vdW79AR.sm@2x.jpg,https://d3f1jyudfg58oi.cloudfront.net/6742/image/5c23d550-07b5-11ec-8463-151a599f2d68-tHmTxrh.tn@2x.JPG,Handwritten 1880s school report cards.
district_schoolhouses_pre1899,Mattapoisett District Schoolhouses,image,image/jpeg,,Copies of photographs of Mattapoisett's district schoolhouses before the 1899 consolidation. Courtesy of the Mattapoisett Museum (0500.3.553).,"Mattapoisett, Massachusetts",District schools,41.6584,-70.8203,https://d8e7jbdw4fu0e.cloudfront.net/6742/4cd0e8f0-07b4-11ec-8463-151a599f2d68-vdW60fR.lg-nt@2x.jpg,https://d8e7jbdw4fu0e.cloudfront.net/6742/4cd0e8f0-07b4-11ec-8463-151a599f2d68-vdW60fR.sm@2x.jpg,https://d3f1jyudfg58oi.cloudfront.net/6742/image/4cd0e8f0-07b4-11ec-8463-151a599f2d68-tHmRDLM.tn@2x.JPG,A sheet of copied photographs of one-room schoolhouses.
school_distances_letter,Letter on School Distances,image,image/jpeg,,Letter to the Mattapoisett School Committee from Ansel Weeks listing road distances from the schoolhouse near Hammond's to other points in town. Courtesy of the Mattapoisett Museum (0500.3.554).,"Mattapoisett, Massachusetts",District schools,41.6650,-70.8550,https://d8e7jbdw4fu0e.cloudfront.net/6742/4feae840-07b6-11ec-8463-151a599f2d68-vdW6nkq.lg-nt@2x.jpg,https://d8e7jbdw4fu0e.cloudfront.net/6742/4feae840-07b6-11ec-8463-151a599f2d68-vdW6nkq.sm@2x.jpg,https://d3f1jyudfg58oi.cloudfront.net/6742/image/4feae840-07b6-11ec-8463-151a599f2d68-tHmUgG1.tn@2x.JPG,A handwritten 19th-century letter.
louis_birth_record,Birth Record of Joseph Louis Roberts Jr.,image,image/jpeg,1924,"Massachusetts return of birth for my grandfather Louis, born at 78 Tallman Street, New Bedford; his father's occupation is recorded as eyelet maker. (Detail.)","New Bedford, Massachusetts",Mills,41.6362,-70.9342,/objects/louis_birth_record_detail.jpg,/objects/louis_birth_record_detail.jpg,/objects/louis_birth_record_detail.jpg,"A 1924 Massachusetts birth return listing the child's name, date, parents, and occupations."
orr_high_school,Old Rochester Regional Senior High School,image,image/jpeg,,"Old Rochester Regional, the shared high school for Mattapoisett, Marion, and Rochester, opened in 1961. (Photograph, 2007.) Mattapoisett Museum, 0900.9.63.","Mattapoisett, Massachusetts",Consolidation,41.658,-70.823,https://d8e7jbdw4fu0e.cloudfront.net/6742/2f9a4b10-07c7-11ec-8463-151a599f2d68-vdW6szc.lg-nt@2x.jpg,https://d8e7jbdw4fu0e.cloudfront.net/6742/2f9a4b10-07c7-11ec-8463-151a599f2d68-vdW6szc.sm@2x.jpg,https://d3f1jyudfg58oi.cloudfront.net/6742/image/2f9a4b10-07c7-11ec-8463-151a599f2d68-vdW6szc.tn@2x.jpg,Color photograph of the brick entrance of Old Rochester Regional Senior High School.
